<Chet>
	<Clientes>
		<Cliente>
			<Nombre>Xhunik</Nombre>
			<Apellido>Miguel</Apellido>
			<Edad>19</Edad>
			<FechaCumpleaños>5/10/2002</FechaCumpleaños>
			<FechaPrimeraCompra>6/04/2014</FechaPrimeraCompra>
		</Cliente>
		<Cliente>
			<Nombre>Abdul</Nombre>
			<Apellido>Chacón</Apellido>
			<Edad>22</Edad>
			<FechaCumpleaños>12/12/1998</FechaCumpleaños>
			<FechaPrimeraCompra>23/06/2021</FechaPrimeraCompra>
		</Cliente>
		<Cliente>
			<Nombre>Juan</Nombre>
			<Apellido>Gaitan</Apellido>
			<Edad>23</Edad>
			<FechaCumpleaños>1/04/1998</FechaCumpleaños>
			<FechaPrimeraCompra>20/10/2019</FechaPrimeraCompra>
		</Cliente>
		<Cliente>
			<Nombre>Daniel</Nombre>
			<Apellido>Castellanos</Apellido>
			<Edad>22</Edad>
			<FechaCumpleaños>10/06/1998</FechaCumpleaños>
			<FechaPrimeraCompra>23/06/2021</FechaPrimeraCompra>
		</Cliente>
		<Cliente>
			<Nombre>Carlos</Nombre>
			<Apellido>Paz</Apellido>
			<Edad>21</Edad>
			<FechaCumpleaños>12/03/1999</FechaCumpleaños>
			<FechaPrimeraCompra>9/06/2021</FechaPrimeraCompra>
		</Cliente>
		<Cliente>
			<Nombre>Daniel</Nombre>
			<Apellido>Marroquin</Apellido>
			<Edad>23</Edad>
			<FechaCumpleaños>8/12/2021</FechaCumpleaños>
			<FechaPrimeraCompra>26/06/2021</FechaPrimeraCompra>
		</Cliente>
		<Cliente>
			<Nombre>Brandon</Nombre>
			<Apellido>Pozuelos</Apellido>
			<Edad>23</Edad>
			<FechaCumpleaños>2/08/1997</FechaCumpleaños>
			<FechaPrimeraCompra>11/11/2020</FechaPrimeraCompra>
		</Cliente>
		<Cliente>
			<Nombre>Maria Andrea</Nombre>
			<Apellido>Orellana</Apellido>
			<Edad>23</Edad>
			<FechaCumpleaños>8/02/1998</FechaCumpleaños>
			<FechaPrimeraCompra>10/11/2007</FechaPrimeraCompra>
		</Cliente>
		<Cliente>
			<Nombre>Walther</Nombre>
			<Apellido>Corado</Apellido>
			<Edad>27</Edad>
			<FechaCumpleaños>8/08/1993</FechaCumpleaños>
			<FechaPrimeraCompra>10/01/2019</FechaPrimeraCompra>
		</Cliente>
		<Cliente>
			<Nombre>Zenaida </Nombre>
			<Apellido>García </Apellido>
			<Edad>22</Edad>
			<FechaCumpleaños>7/01/1999</FechaCumpleaños>
			<FechaPrimeraCompra>24/02/2014</FechaPrimeraCompra>
		</Cliente>
	</Clientes>
	<MejoresClientes>
		<MejorCliente>
			<Nombre>Xhunik</Nombre>
			<FechaUltimaCompra>5/05/2021</FechaUltimaCompra>
			<CantidadComprada>4</CantidadComprada>
			<CantidadGastada>400.05</CantidadGastada>
		</MejorCliente>
		<MejorCliente>
			<Nombre>Abdul</Nombre>
			<FechaUltimaCompra>22/06/2021</FechaUltimaCompra>
			<CantidadComprada>6</CantidadComprada>
			<CantidadGastada>235.00</CantidadGastada>
		</MejorCliente>
		<MejorCliente>
			<Nombre>Juan Gaitan</Nombre>
			<FechaUltimaCompra>23/06/2021</FechaUltimaCompra>
			<CantidadComprada>10</CantidadComprada>
			<CantidadGastada>1000.00</CantidadGastada>
		</MejorCliente>
		<MejorCliente>
			<Nombre>Daniel</Nombre>
			<FechaUltimaCompra>12/09/2020</FechaUltimaCompra>
			<CantidadComprada>4</CantidadComprada>
			<CantidadGastada>150.00</CantidadGastada>
		</MejorCliente>
		<MejorCliente>
			<Nombre>Jose</Nombre>
			<FechaUltimaCompra>10/06/2021</FechaUltimaCompra>
			<CantidadComprada>6</CantidadComprada>
			<CantidadGastada>10000.00</CantidadGastada>
		</MejorCliente>
		<MejorCliente>
			<Nombre>Eduardo </Nombre>
			<FechaUltimaCompra>30/06/2021</FechaUltimaCompra>
			<CantidadComprada>15</CantidadComprada>
			<CantidadGastada>750.00</CantidadGastada>
		</MejorCliente>
		<MejorCliente>
			<Nombre>Jose</Nombre>
			<FechaUltimaCompra>15/12/2020</FechaUltimaCompra>
			<CantidadComprada>15</CantidadComprada>
			<CantidadGastada>1500.00</CantidadGastada>
		</MejorCliente>
		<MejorCliente>
			<Nombre>Pablo Ramirez</Nombre>
			<FechaUltimaCompra>11/12/2020</FechaUltimaCompra>
			<CantidadComprada>2</CantidadComprada>
			<CantidadGastada>950.00</CantidadGastada>
		</MejorCliente>
		<MejorCliente>
			<Nombre>Walther</Nombre>
			<FechaUltimaCompra>22/08/2020</FechaUltimaCompra>
			<CantidadComprada>3</CantidadComprada>
			<CantidadGastada>1000.00</CantidadGastada>
		</MejorCliente>
		<MejorCliente>
			<Nombre>Zenaida </Nombre>
			<FechaUltimaCompra>24/02/2021</FechaUltimaCompra>
			<CantidadComprada>6</CantidadComprada>
			<CantidadGastada>3000.00</CantidadGastada>
		</MejorCliente>
	</MejoresClientes>
	<Juegos>
		<Juego>
			<Nombre>Minecraft</Nombre>
			<Plataforma>PC</Plataforma>
			<AñoLanzamiento>2012</AñoLanzamiento>
			<Clasificacion>E</Clasificacion>
		</Juego>
		<Juego>
			<Nombre>Call of Dutty MW3</Nombre>
			<Plataforma>PS3</Plataforma>
			<AñoLanzamiento>2014</AñoLanzamiento>
			<Clasificacion>T</Clasificacion>
		</Juego>
		<Juego>
			<Nombre>Fortnite</Nombre>
			<Plataforma>PS4</Plataforma>
			<AñoLanzamiento>2015</AñoLanzamiento>
			<Clasificacion>E</Clasificacion>
		</Juego>
		<Juego>
			<Nombre>Chegg</Nombre>
			<Plataforma>PC</Plataforma>
			<AñoLanzamiento>2001</AñoLanzamiento>
			<Clasificacion>T</Clasificacion>
		</Juego>
		<Juego>
			<Nombre>Bloodborne </Nombre>
			<Plataforma>Ps4</Plataforma>
			<AñoLanzamiento>2017</AñoLanzamiento>
			<Clasificacion>M</Clasificacion>
		</Juego>
		<Juego>
			<Nombre>Nba2k</Nombre>
			<Plataforma>Ps4</Plataforma>
			<AñoLanzamiento>2021</AñoLanzamiento>
			<Clasificacion>T</Clasificacion>
		</Juego>
		<Juego>
			<Nombre>Banjo-Kazooie</Nombre>
			<Plataforma>Consola</Plataforma>
			<AñoLanzamiento>1997</AñoLanzamiento>
			<Clasificacion>E</Clasificacion>
		</Juego>
		<Juego>
			<Nombre>Uncharted 5</Nombre>
			<Plataforma>Digital</Plataforma>
			<AñoLanzamiento>2018</AñoLanzamiento>
			<Clasificacion>E</Clasificacion>
		</Juego>
		<Juego>
			<Nombre>Mario kart</Nombre>
			<Plataforma>Nintendo</Plataforma>
			<AñoLanzamiento>1998</AñoLanzamiento>
			<Clasificacion>A</Clasificacion>
		</Juego>
	</Juegos>
	<JuegosMasVendidos>
		<JuegoMasVendido>
			<Nombre>LOL</Nombre>
			<FechaUltimaCompra>4/04/2021</FechaUltimaCompra>
			<CopiasVendidas>1000</CopiasVendidas>
			<Stock>5000</Stock>
		</JuegoMasVendido>
		<JuegoMasVendido>
			<Nombre>Genshin Impact</Nombre>
			<FechaUltimaCompra>15/05/2021</FechaUltimaCompra>
			<CopiasVendidas>230</CopiasVendidas>
			<Stock>20</Stock>
		</JuegoMasVendido>
		<JuegoMasVendido>
			<Nombre>Doom</Nombre>
			<FechaUltimaCompra>27/06/2021</FechaUltimaCompra>
			<CopiasVendidas>25</CopiasVendidas>
			<Stock>17</Stock>
		</JuegoMasVendido>
		<JuegoMasVendido>
			<Nombre>Cheggs</Nombre>
			<FechaUltimaCompra>12/09/2018</FechaUltimaCompra>
			<CopiasVendidas>5</CopiasVendidas>
			<Stock>8</Stock>
		</JuegoMasVendido>
		<JuegoMasVendido>
			<Nombre>Splatoon</Nombre>
			<FechaUltimaCompra>22/06/2021</FechaUltimaCompra>
			<CopiasVendidas>500</CopiasVendidas>
			<Stock>26</Stock>
		</JuegoMasVendido>
		<JuegoMasVendido>
			<Nombre>Mario kart</Nombre>
			<FechaUltimaCompra>23/06/2021</FechaUltimaCompra>
			<CopiasVendidas>2000</CopiasVendidas>
			<Stock>100</Stock>
		</JuegoMasVendido>
		<JuegoMasVendido>
			<Nombre>Smash</Nombre>
			<FechaUltimaCompra>8/08/2018</FechaUltimaCompra>
			<CopiasVendidas>100</CopiasVendidas>
			<Stock>2000</Stock>
		</JuegoMasVendido>
		<JuegoMasVendido>
			<Nombre>E.T. The Extra-Terrestrial</Nombre>
			<FechaUltimaCompra>3/12/1990</FechaUltimaCompra>
			<CopiasVendidas>500</CopiasVendidas>
			<Stock>1</Stock>
		</JuegoMasVendido>
		<JuegoMasVendido>
			<Nombre>The Last of Us</Nombre>
			<FechaUltimaCompra>30/12/2020</FechaUltimaCompra>
			<CopiasVendidas>1000</CopiasVendidas>
			<Stock>23</Stock>
		</JuegoMasVendido>
		<JuegoMasVendido>
			<Nombre>Minecraft</Nombre>
			<FechaUltimaCompra>22/06/2021</FechaUltimaCompra>
			<CopiasVendidas>50</CopiasVendidas>
			<Stock>10</Stock>
		</JuegoMasVendido>
	</JuegosMasVendidos>
</Chet>