Nombre;Apellido;Edad;FechaNac;FechaUltimaCompra
Xhunik;Miguel;19;5/10/2002;6/04/2014
Abdul;Chacón;22;12/12/1998;23/06/2021
Juan;Gaitan;23;1/04/1998;20/10/2019
Daniel3;Castellanos;22;10/06/1998;23/06/2021
Carlos;Paz;21;12/03/1999;9/06/2021
Daniel;Marroquin;23;8/12/2021;26/06/2021
Brandon;Pozuelos;23;2/08/1997;11/11/2020
Maria Andrea;Orellana;23;8/02/1998;10/11/2007
Maria Andrea;Orella4na;23;8/02/1998;10/11/2007
Walther;Corado;27;8/08/1993;10/01/2019
Zenaida;García ;22;7/01/1999;24/02/2014
Juan;Hernandez;32 años;1993/7/22;/24/02/2014
