<Chet>
    <clientes>        
        <cliente>
            <nombre>Xhunik</nombre>
            <apellido>Miguel</apellido>
            <edad>19</edad>
            <fechaCumpleaños>5/10/2002</fechaCumpleaños>
            <fechaPrimeraCompra>6/04/2014</fechaPrimeraCompra>
        </cliente>
        <cliente>
            <nombre>Abdul</nombre>
            <apellido>Chacón</apellido>
            <edad>22</edad>
            <fechaCumpleaños>12/12/1998</fechaCumpleaños>
            <fechaPrimeraCompra>23/06/2021</fechaPrimeraCompra>
        </cliente>
        <cliente>
            <nombre>Juan</nombre>
            <apellido>Gaitan</apellido>
            <edad>23</edad>
            <fechaCumpleaños>1/04/1998</fechaCumpleaños>
            <fechaPrimeraCompra>20/10/2019</fechaPrimeraCompra>
        </cliente>
        <cliente>
            <nombre>Daniel</nombre>
            <apellido>Castellanos</apellido>
            <edad>22</edad>
            <fechaCumpleaños>10/06/1998</fechaCumpleaños>
            <fechaPrimeraCompra>23/06/2021</fechaPrimeraCompra>
        </cliente>
        <cliente>
            <nombre>Carlos</nombre>
            <apellido>Paz</apellido>
            <edad>21</edad>
            <fechaCumpleaños>12/03/1999</fechaCumpleaños>
            <fechaPrimeraCompra>9/06/2021</fechaPrimeraCompra>
        </cliente>
        <cliente>
            <nombre>Daniel</nombre>
            <apellido>Marroquin</apellido>
            <edad>23</edad>
            <fechaCumpleaños>8/12/2021</fechaCumpleaños>
            <fechaPrimeraCompra>26/06/2021</fechaPrimeraCompra>
        </cliente>
        <cliente>
            <nombre>Brandon</nombre>
            <apellido>Pozuelos</apellido>
            <edad>23</edad>
            <fechaCumpleaños>2/08/1997</fechaCumpleaños>
            <fechaPrimeraCompra>11/11/2020</fechaPrimeraCompra>
        </cliente>
        <cliente>
            <nombre>Maria Andrea</nombre>
            <apellido>Orellana</apellido>
            <edad>23</edad>
            <fechaCumpleaños>8/02/1998</fechaCumpleaños>
            <fechaPrimeraCompra>10/11/2007</fechaPrimeraCompra>
        </cliente>
    </clientes>    
    <mejoresClientes>    
        <mejorCliente>
            <nombre>Xhunik</nombre>
            <fechaUltimaCompra>5/05/2021</fechaUltimaCompra>
            <cantidadComprada>4</cantidadComprada>
            <cantidadGastada>400</cantidadGastada>
        </mejorCliente>
        <mejorCliente>
            <nombre>Abdul</nombre>
            <fechaUltimaCompra>22/06/2021</fechaUltimaCompra>
            <cantidadComprada>6</cantidadComprada>
            <cantidadGastada>235</cantidadGastada>
        </mejorCliente>
        <mejorCliente>
            <nombre>Juan Gaitan</nombre>
            <fechaUltimaCompra>23/06/2021</fechaUltimaCompra>
            <cantidadComprada>10</cantidadComprada>
            <cantidadGastada>1000</cantidadGastada>
        </mejorCliente>
        <mejorCliente>
            <nombre>Daniel</nombre>
            <fechaUltimaCompra>12/09/2020</fechaUltimaCompra>
            <cantidadComprada>4</cantidadComprada>
            <cantidadGastada>150</cantidadGastada>
        </mejorCliente>
        <mejorCliente>
            <nombre>Jose</nombre>
            <fechaUltimaCompra>10/06/2021</fechaUltimaCompra>
            <cantidadComprada>6</cantidadComprada>
            <cantidadGastada>10000</cantidadGastada>
        </mejorCliente>
        <mejorCliente>
            <nombre>Eduardo</nombre>
            <fechaUltimaCompra>30/06/2021</fechaUltimaCompra>
            <cantidadComprada>15</cantidadComprada>
            <cantidadGastada>750</cantidadGastada>
        </mejorCliente>
        <mejorCliente>
            <nombre>Jose</nombre>
            <fechaUltimaCompra>15/12/2020</fechaUltimaCompra>
            <cantidadComprada>15</cantidadComprada>
            <cantidadGastada>1500</cantidadGastada>
        </mejorCliente>
        <mejorCliente>
            <nombre>Pablo Ramirez</nombre>
            <fechaUltimaCompra>11/12/2020</fechaUltimaCompra>
            <cantidadComprada>2</cantidadComprada>
            <cantidadGastada>950</cantidadGastada>
        </mejorCliente>
    </mejoresClientes>
    <juegos>          
        <juego>
            <nombre>Minecraft</nombre>
            <plataforma>PC</plataforma>
            <añoLanzamiento>2012</añoLanzamiento>
            <clasificacion>E</clasificacion>            
        </juego>
        <juego>
            <nombre>Call of Dutty MW3</nombre>
            <plataforma>PS3</plataforma>
            <añoLanzamiento>2014</añoLanzamiento>
            <clasificacion>T</clasificacion>            
        </juego>
        <juego>
            <nombre>Fortnite</nombre>
            <plataforma>PS4</plataforma>
            <añoLanzamiento>2015</añoLanzamiento>
            <clasificacion>E</clasificacion>            
        </juego>
        <juego>
            <nombre>Chegg</nombre>
            <plataforma>PC</plataforma>
            <añoLanzamiento>2001</añoLanzamiento>
            <clasificacion>T</clasificacion>            
        </juego>
        <juego>
            <nombre>Bloodborne</nombre>
            <plataforma>Ps4</plataforma>
            <añoLanzamiento>2017</añoLanzamiento>
            <clasificacion>M</clasificacion>            
        </juego>
        <juego>
            <nombre>Nba2k</nombre>
            <plataforma>Ps4</plataforma>
            <añoLanzamiento>2021</añoLanzamiento>
            <clasificacion>T</clasificacion>            
        </juego>
        <juego>
            <nombre>Banjo-Kazooie</nombre>
            <plataforma>Consola</plataforma>
            <añoLanzamiento>1997</añoLanzamiento>
            <clasificacion>E</clasificacion>            
        </juego>
        <juego>
            <nombre>The Elded Scrolls V: Skyrim</nombre>
            <plataforma>PS4</plataforma>
            <añoLanzamiento>2011</añoLanzamiento>
            <clasificacion>M</clasificacion>            
        </juego>
    </juegos>
    <juegosMasVendidos>        
        <juegoMasVendido>
            <nombre>Bloodborne</nombre>
            <fechaUltimaCompra>4/04/2021</fechaUltimaCompra>
            <copiasVendidas>1000</copiasVendidas>
            <stock>5000</stock>
        </juegoMasVendido>
        <juegoMasVendido>
            <nombre>Genshin Impact</nombre>
            <fechaUltimaCompra>15/05/2021</fechaUltimaCompra>
            <copiasVendidas>230</copiasVendidas>
            <stock>20</stock>
        </juegoMasVendido>
        <juegoMasVendido>
            <nombre>The Elded Scrolls V: Skyrim</nombre>
            <fechaUltimaCompra>27/06/2021</fechaUltimaCompra>
            <copiasVendidas>25</copiasVendidas>
            <stock>17</stock>
        </juegoMasVendido>
        <juegoMasVendido>
            <nombre>Call of Dutty MW3</nombre>
            <fechaUltimaCompra>12/09/2018</fechaUltimaCompra>
            <copiasVendidas>5</copiasVendidas>
            <stock>8</stock>
        </juegoMasVendido>
        <juegoMasVendido>
            <nombre>Splatoon</nombre>
            <fechaUltimaCompra>22/06/2021</fechaUltimaCompra>
            <copiasVendidas>500</copiasVendidas>
            <stock>26</stock>
        </juegoMasVendido>
        <juegoMasVendido>
            <nombre>Mario kart</nombre>
            <fechaUltimaCompra>23/06/2021</fechaUltimaCompra>
            <copiasVendidas>2000</copiasVendidas>
            <stock>100</stock>
        </juegoMasVendido>
        <juegoMasVendido>
            <nombre>Smash</nombre>
            <fechaUltimaCompra>8/08/2018</fechaUltimaCompra>
            <copiasVendidas>100</copiasVendidas>
            <stock>2000</stock>
        </juegoMasVendido>
        <juegoMasVendido>
            <nombre>E.T. The Extra-Terrestrial</nombre>
            <fechaUltimaCompra>3/12/1990</fechaUltimaCompra>
            <copiasVendidas>500</copiasVendidas>
            <stock>1</stock>
        </juegoMasVendido>
    </juegosMasVendidos>
</Chet>
